Algorithm,Dataset,Mean(ms),Median(ms),Max(ms),Min(ms),Std(ms)
bubble_sort,random_numbers_1000,69.30580678787845,69.06658699995205,72.23236600009386,68.97419000006266,0.6479707710937429
bubble_sort,random_numbers_5000,1900.5932617272808,1901.0208019999482,1906.146270000022,1876.6038009999875,4.708963662760501
bubble_sort,random_numbers_10000,7776.303012686866,7779.377264999994,7806.860204000031,7674.507031000076,18.04755195528075
bubble_sort,random_numbers_50000,216204.01313831803,217906.7667440977,220339.86759418622,208664.3978729844,2912.783318682985
bubble_sort,reverse_1000,99.32651390519106,99.23964599147439,101.45731503143907,98.38786302134395,0.5476028081135281
bubble_sort,reverse_5000,2398.8664734243143,2400.28204000555,2410.069764824584,2353.4946320578456,9.701070432029253
bubble_sort,reverse_10000,10688.835374060829,10693.656551884487,10795.60507205315,10472.132071852684,46.84257484657267
