Algorithm,Dataset,Mean(ms),Median(ms),Max(ms),Min(ms),Std(ms)
bubble_sort,random_numbers_1000,76.63216739140375,76.53073500841856,80.32853505574167,75.32169902697206,0.6938857958256909
bubble_sort,random_numbers_5000,2071.6400445989248,2073.3446599915624,2088.5511690285057,2030.5889260489494,10.754749361402235
bubble_sort,random_numbers_10000,8809.199683546945,8772.04019180499,9038.282508030534,8505.907976068556,130.94305058755043
